-- phpMyAdmin SQL Dump
-- version 5.2.1
-- https://www.phpmyadmin.net/
--
-- Hôte : db
-- Généré le : mar. 04 avr. 2023 à 16:47
-- Version du serveur : 8.0.32
-- Version de PHP : 8.1.17

SET SQL_MODE = "NO_AUTO_VALUE_ON_ZERO";
START TRANSACTION;
SET time_zone = "+00:00";


/*!40101 SET @OLD_CHARACTER_SET_CLIENT=@@CHARACTER_SET_CLIENT */;
/*!40101 SET @OLD_CHARACTER_SET_RESULTS=@@CHARACTER_SET_RESULTS */;
/*!40101 SET @OLD_COLLATION_CONNECTION=@@COLLATION_CONNECTION */;
/*!40101 SET NAMES utf8mb4 */;

--
-- Base de données : `recherche_information_document`
--

-- --------------------------------------------------------

--
-- Structure de la table `document`
--

CREATE TABLE `document` (
  `id` int NOT NULL,
  `titre` varchar(250) NOT NULL,
  `path` varchar(250) NOT NULL
) ENGINE=InnoDB DEFAULT CHARSET=utf8mb3;

--
-- Déchargement des données de la table `document`
--

INSERT INTO `document` (`id`, `titre`, `path`) VALUES
(1, '642c53ffecd39.txt', 'uploads/readFiles/642c53ffecd39.txt'),
(2, '642c53fff1890.txt', 'uploads/readFiles/642c53fff1890.txt'),
(3, '642c54000041d.txt', 'uploads/readFiles/642c54000041d.txt');

-- --------------------------------------------------------

--
-- Structure de la table `document_mot`
--

CREATE TABLE `document_mot` (
  `idDocument` int NOT NULL,
  `idMot` int NOT NULL,
  `frequence` int NOT NULL
) ENGINE=InnoDB DEFAULT CHARSET=utf8mb3;

--
-- Déchargement des données de la table `document_mot`
--

INSERT INTO `document_mot` (`idDocument`, `idMot`, `frequence`) VALUES
(1, 1, 7),
(1, 2, 5),
(1, 3, 1),
(1, 4, 6),
(1, 5, 1),
(1, 6, 1),
(1, 7, 2),
(1, 8, 1),
(1, 9, 1),
(1, 10, 1),
(1, 11, 1),
(1, 12, 1),
(1, 13, 1),
(1, 14, 1),
(1, 15, 1),
(1, 16, 1),
(1, 17, 1),
(1, 18, 1),
(1, 19, 1),
(1, 20, 1),
(1, 21, 2),
(1, 22, 2),
(1, 23, 1),
(1, 24, 1),
(1, 25, 2),
(1, 26, 2),
(1, 27, 1),
(1, 28, 1),
(1, 29, 1),
(1, 30, 2),
(1, 31, 2),
(1, 32, 1),
(1, 33, 1),
(1, 34, 1),
(1, 35, 1),
(1, 36, 1),
(1, 37, 1),
(1, 38, 1),
(1, 39, 2),
(1, 40, 1),
(1, 41, 3),
(1, 42, 1),
(1, 43, 1),
(1, 44, 1),
(1, 45, 1),
(1, 46, 1),
(1, 47, 1),
(1, 48, 1),
(1, 49, 2),
(1, 50, 1),
(1, 51, 2),
(1, 52, 2),
(1, 53, 1),
(1, 54, 1),
(1, 55, 2),
(1, 56, 1),
(1, 57, 1),
(1, 58, 1),
(1, 59, 1),
(1, 60, 1),
(1, 61, 1),
(1, 62, 1),
(1, 63, 1),
(1, 64, 1),
(1, 65, 2),
(1, 66, 1),
(1, 67, 1),
(1, 68, 1),
(1, 69, 1),
(1, 70, 1),
(1, 71, 1),
(1, 72, 1),
(1, 73, 1),
(1, 74, 1),
(1, 75, 1),
(1, 76, 1),
(1, 77, 1),
(1, 78, 1),
(1, 79, 1),
(1, 80, 1),
(1, 81, 1),
(1, 82, 1),
(1, 83, 1),
(1, 84, 1),
(1, 85, 1),
(1, 86, 1),
(1, 87, 1),
(1, 88, 1),
(1, 89, 1),
(1, 90, 2),
(1, 91, 1),
(1, 92, 1),
(1, 93, 1),
(1, 94, 1),
(1, 95, 1),
(1, 96, 1),
(1, 97, 1),
(1, 98, 1),
(1, 99, 1),
(1, 100, 2),
(1, 101, 2),
(1, 102, 1),
(1, 103, 1),
(1, 104, 1),
(1, 105, 1),
(1, 106, 1),
(1, 107, 1),
(2, 108, 2),
(2, 109, 2),
(2, 110, 3),
(2, 111, 4),
(2, 112, 2),
(2, 113, 1),
(2, 114, 3),
(2, 115, 1),
(2, 116, 1),
(2, 117, 1),
(2, 118, 2),
(2, 119, 2),
(2, 120, 4),
(2, 121, 3),
(2, 48, 1),
(2, 122, 2),
(2, 123, 1),
(2, 124, 1),
(2, 125, 1),
(2, 126, 1),
(2, 127, 1),
(2, 128, 2),
(2, 64, 2),
(2, 129, 3),
(2, 130, 2),
(2, 131, 4),
(2, 132, 1),
(2, 133, 1),
(2, 134, 2),
(2, 135, 1),
(2, 136, 1),
(2, 137, 1),
(2, 138, 2),
(2, 139, 1),
(2, 140, 1),
(2, 141, 1),
(2, 142, 3),
(2, 143, 2),
(2, 144, 1),
(2, 145, 1),
(2, 146, 1),
(2, 147, 1),
(2, 148, 2),
(2, 149, 1),
(2, 150, 1),
(2, 151, 1),
(2, 152, 1),
(2, 153, 1),
(2, 154, 1),
(2, 155, 1),
(2, 156, 1),
(2, 157, 1),
(2, 158, 1),
(2, 159, 1),
(2, 160, 1),
(2, 161, 1),
(2, 162, 1),
(2, 163, 1),
(2, 164, 1),
(2, 165, 1),
(2, 166, 1),
(2, 167, 1),
(2, 168, 1),
(2, 169, 1),
(2, 170, 1),
(2, 24, 2),
(2, 171, 1),
(2, 172, 1),
(2, 173, 1),
(2, 174, 1),
(2, 175, 1),
(2, 176, 1),
(2, 177, 1),
(2, 178, 1),
(2, 179, 1),
(2, 180, 1),
(2, 181, 1),
(2, 182, 1),
(2, 183, 1),
(2, 184, 3),
(2, 185, 1),
(2, 186, 1),
(2, 187, 1),
(2, 188, 1),
(2, 189, 1),
(2, 190, 1),
(2, 191, 1),
(2, 192, 1),
(2, 193, 1),
(2, 194, 1),
(2, 195, 1),
(2, 196, 1),
(2, 197, 2),
(2, 198, 2),
(2, 199, 1),
(2, 200, 2),
(2, 201, 1),
(2, 202, 1),
(2, 203, 1),
(2, 204, 1),
(2, 205, 1),
(2, 206, 1),
(2, 207, 2),
(2, 208, 2),
(2, 209, 1),
(2, 210, 1),
(2, 211, 1),
(2, 212, 1),
(2, 213, 1),
(2, 214, 1),
(2, 215, 1),
(2, 216, 2),
(2, 217, 1),
(2, 218, 1),
(2, 219, 1),
(2, 220, 1),
(2, 221, 1),
(2, 222, 1),
(2, 104, 1),
(2, 223, 1),
(2, 224, 1),
(2, 225, 1),
(2, 214, 1),
(2, 226, 1),
(2, 227, 1),
(2, 228, 1),
(2, 229, 2),
(2, 230, 1),
(2, 231, 1),
(2, 232, 1),
(2, 233, 1),
(2, 51, 1),
(2, 234, 1),
(2, 235, 1),
(2, 236, 1),
(2, 237, 1),
(2, 238, 1),
(2, 239, 1),
(2, 240, 1),
(2, 241, 1),
(2, 242, 1),
(2, 243, 1),
(2, 244, 1),
(2, 245, 1),
(2, 246, 1),
(2, 14, 1),
(3, 247, 1),
(3, 248, 1),
(3, 249, 1),
(3, 250, 2),
(3, 251, 1),
(3, 252, 1),
(3, 253, 1),
(3, 254, 1),
(3, 255, 1),
(3, 61, 1),
(3, 256, 1),
(3, 257, 1),
(3, 258, 1),
(3, 259, 1);

-- --------------------------------------------------------

--
-- Structure de la table `mot`
--

CREATE TABLE `mot` (
  `id` int NOT NULL,
  `mot` varchar(250) NOT NULL
) ENGINE=InnoDB DEFAULT CHARSET=utf8mb3;

--
-- Déchargement des données de la table `mot`
--

INSERT INTO `mot` (`id`, `mot`) VALUES
(1, 'développeur'),
(2, 'informatique'),
(3, 'programmeur'),
(4, 'doit'),
(5, 'concevoir'),
(6, 'améliorer'),
(7, 'programme'),
(8, 'multiples'),
(9, 'compétences'),
(10, 'attendues'),
(11, 'dès'),
(12, 'écoute'),
(13, 'demandeur'),
(14, 'projet'),
(15, 'réaliser'),
(16, 'cahier'),
(17, 'charges'),
(18, 'agit'),
(19, 'document'),
(20, 'détaille'),
(21, 'solutions'),
(22, 'techniques'),
(23, 'mettre'),
(24, 'uvre'),
(25, 'langages'),
(26, 'informatiques'),
(27, 'python'),
(28, 'net'),
(29, 'java'),
(30, 'étape'),
(31, 'avoir'),
(32, 'sens'),
(33, 'relationnel'),
(34, 'pouvoir'),
(35, 'échanger'),
(36, 'clients'),
(37, 'comprendre'),
(38, 'besoins'),
(39, 'utilisateurs'),
(40, 'seconde'),
(41, 'phase'),
(42, 'étudie'),
(43, 'étapes'),
(44, 'fonctionnement'),
(45, 'déterminer'),
(46, 'crée'),
(47, 'prototype'),
(48, 'future'),
(49, 'application'),
(50, 'devrait'),
(51, 'faire'),
(52, 'preuve'),
(53, 'qualités'),
(54, 'concentration'),
(55, 'rigueur'),
(56, 'adapter'),
(57, 'mieux'),
(58, 'programmes'),
(59, 'troisième'),
(60, 'écrit'),
(61, 'code'),
(62, 'bonne'),
(63, 'culture'),
(64, 'générale'),
(65, 'maîtriser'),
(66, 'basiques'),
(67, 'html'),
(68, 'css'),
(69, 'javascript'),
(70, 'php'),
(71, 'fonction'),
(72, 'poste'),
(73, 'demandes'),
(74, 'employeur'),
(75, 'également'),
(76, 'outils'),
(77, 'cms'),
(78, 'framework'),
(79, 'bases'),
(80, 'données'),
(81, 'associées'),
(82, 'mysql'),
(83, 'sql'),
(84, 'server'),
(85, 'oracle'),
(86, 'mongodb'),
(87, 'finale'),
(88, 'effectuer'),
(89, 'test'),
(90, 'produit'),
(91, 'beta'),
(92, 'testing'),
(93, 'appliquer'),
(94, 'correctifs'),
(95, 'cas'),
(96, 'bug'),
(97, 'accompagne'),
(98, 'lecteurs'),
(99, 'apportant'),
(100, 'soutien'),
(101, 'technique'),
(102, 'formant'),
(103, 'suivi'),
(104, 'méthode'),
(105, 'surtout'),
(106, 'organisation'),
(107, 'travail'),
(108, 'moment'),
(109, 'charnière'),
(110, 'cathédrale'),
(111, 'dame'),
(112, 'paris'),
(113, 'joue'),
(114, 'jours'),
(115, 'petite'),
(116, 'commune'),
(117, 'briey'),
(118, 'lorraine'),
(119, 'assemblage'),
(120, 'socle'),
(121, 'tabouret'),
(122, 'flèche'),
(123, 'bois'),
(124, 'chêne'),
(125, 'exception'),
(126, 'effet'),
(127, 'objet'),
(128, 'répétition'),
(129, 'montage'),
(130, 'près'),
(131, 'quatre'),
(132, 'ans'),
(133, 'incendie'),
(134, 'blanc'),
(135, 'vise'),
(136, 'assurer'),
(137, 'différents'),
(138, 'éléments'),
(139, 'emboîteront'),
(140, 'faut'),
(141, 'lorsqu'),
(142, 'seront'),
(143, 'assemblés'),
(144, 'toit'),
(145, 'chiffres'),
(146, 'vertigineux'),
(147, 'mesurera'),
(148, 'mètres'),
(149, 'modèle'),
(150, 'xixe'),
(151, 'siècle'),
(152, 'elle'),
(153, 'sera'),
(154, 'constituée'),
(155, 'cinq'),
(156, 'parties'),
(157, 'dont'),
(158, 'assemblé'),
(159, 'appuis'),
(160, 'fabriqué'),
(161, 'chênes'),
(162, 'tailles'),
(163, 'exceptionnelles'),
(164, 'récoltés'),
(165, 'forêt'),
(166, 'domaniale'),
(167, 'bercé'),
(168, 'sarthe'),
(169, 'objectif'),
(170, 'man'),
(171, 'soulever'),
(172, 'pieds'),
(173, 'lentement'),
(174, 'aide'),
(175, 'grues'),
(176, 'insèrent'),
(177, 'millimètre'),
(178, 'tablier'),
(179, 'central'),
(180, 'ensuite'),
(181, 'démontés'),
(182, 'acheminés'),
(183, 'prochains'),
(184, 'chantier'),
(185, 'grutés'),
(186, 'prendre'),
(187, 'place'),
(188, 'définitive'),
(189, 'trente'),
(190, 'hauteur'),
(191, 'angles'),
(192, 'croisée'),
(193, 'transept'),
(194, 'précisé'),
(195, 'porte'),
(196, 'parole'),
(197, 'pose'),
(198, 'vrai'),
(199, 'prévue'),
(200, 'avril'),
(201, 'prochain'),
(202, 'commente'),
(203, 'rémi'),
(204, 'fromont'),
(205, 'trois'),
(206, 'architectes'),
(207, 'chef'),
(208, 'reconstruction'),
(209, 'monument'),
(210, 'passe'),
(211, 'théorie'),
(212, 'pratique'),
(213, 'levage'),
(214, 'expliqué'),
(215, 'mois'),
(216, 'tracé'),
(217, 'validé'),
(218, 'plans'),
(219, 'puis'),
(220, 'épures'),
(221, 'sol'),
(222, 'selon'),
(223, 'ancestrale'),
(224, 'piquage'),
(225, 'lignage'),
(226, 'patrick'),
(227, 'jouenne'),
(228, 'responsable'),
(229, 'charpentiers'),
(230, 'vie'),
(231, 'poursuit'),
(232, 'refaire'),
(233, 'charpente'),
(234, 'perdurer'),
(235, 'tradition'),
(236, 'traçage'),
(237, 'époque'),
(238, 'souligne'),
(239, 'mathias'),
(240, 'gauthier'),
(241, 'morfoise'),
(242, 'conducteur'),
(243, 'travaux'),
(244, 'cruard'),
(245, 'entreprises'),
(246, 'chargées'),
(247, 'suis'),
(248, 'lorenzo'),
(249, 'vais'),
(250, 'travailler'),
(251, 'télétravail'),
(252, 'allez'),
(253, 'demande'),
(254, 'peut'),
(255, 'clean'),
(256, 'propement'),
(257, 'saluts'),
(258, 'aime'),
(259, 'desserts');

--
-- Index pour les tables déchargées
--

--
-- Index pour la table `document`
--
ALTER TABLE `document`
  ADD PRIMARY KEY (`id`);

--
-- Index pour la table `document_mot`
--
ALTER TABLE `document_mot`
  ADD KEY `idMot` (`idMot`),
  ADD KEY `idDocument` (`idDocument`);

--
-- Index pour la table `mot`
--
ALTER TABLE `mot`
  ADD PRIMARY KEY (`id`);

--
-- AUTO_INCREMENT pour les tables déchargées
--

--
-- AUTO_INCREMENT pour la table `document`
--
ALTER TABLE `document`
  MODIFY `id` int NOT NULL AUTO_INCREMENT, AUTO_INCREMENT=4;

--
-- AUTO_INCREMENT pour la table `mot`
--
ALTER TABLE `mot`
  MODIFY `id` int NOT NULL AUTO_INCREMENT, AUTO_INCREMENT=260;

--
-- Contraintes pour les tables déchargées
--

--
-- Contraintes pour la table `document_mot`
--
ALTER TABLE `document_mot`
  ADD CONSTRAINT `document_mot_ibfk_1` FOREIGN KEY (`idDocument`) REFERENCES `document` (`id`) ON DELETE CASCADE ON UPDATE CASCADE,
  ADD CONSTRAINT `document_mot_ibfk_2` FOREIGN KEY (`idMot`) REFERENCES `mot` (`id`) ON DELETE CASCADE ON UPDATE CASCADE;
COMMIT;

/*!40101 SET CHARACTER_SET_CLIENT=@OLD_CHARACTER_SET_CLIENT */;
/*!40101 SET CHARACTER_SET_RESULTS=@OLD_CHARACTER_SET_RESULTS */;
/*!40101 SET COLLATION_CONNECTION=@OLD_COLLATION_CONNECTION */;
