-- phpMyAdmin SQL Dump
-- version 5.2.1
-- https://www.phpmyadmin.net/
--
-- Hôte : db
-- Généré le : lun. 18 déc. 2023 à 11:59
-- Version du serveur : 8.1.0
-- Version de PHP : 8.2.11

SET SQL_MODE = "NO_AUTO_VALUE_ON_ZERO";
START TRANSACTION;
SET time_zone = "+00:00";


/*!40101 SET @OLD_CHARACTER_SET_CLIENT=@@CHARACTER_SET_CLIENT */;
/*!40101 SET @OLD_CHARACTER_SET_RESULTS=@@CHARACTER_SET_RESULTS */;
/*!40101 SET @OLD_COLLATION_CONNECTION=@@COLLATION_CONNECTION */;
/*!40101 SET NAMES utf8mb4 */;

--
-- Base de données : `recherche_information_document2`
--

-- --------------------------------------------------------

--
-- Structure de la table `document`
--

CREATE TABLE `document` (
  `id` int NOT NULL,
  `titre` varchar(250) NOT NULL,
  `path` varchar(250) NOT NULL,
  `content` text NOT NULL
) ENGINE=InnoDB DEFAULT CHARSET=utf8mb3;

--
-- Déchargement des données de la table `document`
--

INSERT INTO `document` (`id`, `titre`, `path`, `content`) VALUES
(1, '658030019b469.txt', 'uploads/readFiles/658030019b469.txt', 'le développeur informatique ou programmeur doit concevoir ou améliorer un programme informatique. de multiples compétences sont attendues chez un développeur informatique. dès le début, un déve...'),
(2, '658030019d4f0.html', 'uploads/readFiles/658030019d4f0.html', 'd f polymorphisme dans java veut simplement dire qu une classe peut prendre plusieurs formes et c est d autant plus vrai avec les classes qui hérite d une classe supérieure une méthode surchargée ...'),
(3, '658030019e9ed.txt', 'uploads/readFiles/658030019e9ed.txt', 'c’est un moment charnière pour la cathédrale de notre dame de paris qui se joue depuis deux jours dans la petite commune de briey en lorraine. l’assemblage du socle, le tabouret, de la future fl...'),
(4, '658030019f876.html', 'uploads/readFiles/658030019f876.html', 'gestion de projet\n gestion de projet\n la gestion de projet est essentielle pour atteindre les objectifs et livrer des résultats efficacement et efficacement.\n les étapes de gestion de projet\n défin...'),
(5, '65803001a0a9d.xml', 'uploads/readFiles/65803001a0a9d.xml', 'tech house\n Le tech house est un genre musical dynamique et rythmé, combinant des éléments de techno\n avec des grooves de house. C\'est une musique qui évoque l\'énergie des clubs et des pistes de ...'),
(6, '65803001a1cd4.txt', 'uploads/readFiles/65803001a1cd4.txt', 'les progressive web apps utilisent les dernières technologies pour combiner les meilleures applications web et mobiles. pensez-y comme un site web construit à l\'aide de technologies web, mais qui ag...'),
(7, '65803001a2b41.pdf', 'uploads/readFiles/65803001a2b41.pdf', 'microsoft word controle m info p sujet docx issances intégration de données et big data durée h documents autorisés mourad ouziri mourad ouziri u paris fr qcm pts intégration de données répondr...');

-- --------------------------------------------------------

--
-- Structure de la table `document_mot`
--

CREATE TABLE `document_mot` (
  `idDocument` int NOT NULL,
  `idMot` int NOT NULL,
  `frequence` int NOT NULL
) ENGINE=InnoDB DEFAULT CHARSET=utf8mb3;

--
-- Déchargement des données de la table `document_mot`
--

INSERT INTO `document_mot` (`idDocument`, `idMot`, `frequence`) VALUES
(1, 1, 7),
(1, 2, 2),
(1, 3, 1),
(1, 4, 6),
(1, 5, 1),
(1, 6, 1),
(1, 7, 1),
(1, 8, 1),
(1, 9, 1),
(1, 10, 1),
(1, 11, 1),
(1, 12, 1),
(1, 13, 1),
(1, 14, 1),
(1, 15, 1),
(1, 16, 1),
(1, 17, 1),
(1, 18, 1),
(1, 19, 1),
(1, 20, 2),
(1, 21, 2),
(1, 22, 1),
(1, 23, 1),
(1, 24, 2),
(1, 25, 1),
(1, 26, 1),
(1, 27, 1),
(1, 28, 2),
(1, 29, 2),
(1, 30, 1),
(1, 31, 1),
(1, 32, 1),
(1, 33, 1),
(1, 34, 1),
(1, 35, 1),
(1, 36, 1),
(1, 37, 2),
(1, 38, 1),
(1, 39, 3),
(1, 40, 1),
(1, 41, 1),
(1, 42, 1),
(1, 43, 1),
(1, 44, 1),
(1, 45, 1),
(1, 46, 1),
(1, 47, 2),
(1, 48, 2),
(1, 49, 2),
(1, 50, 1),
(1, 51, 1),
(1, 52, 2),
(1, 53, 1),
(1, 54, 1),
(1, 55, 1),
(1, 56, 1),
(1, 57, 1),
(1, 58, 1),
(1, 59, 1),
(1, 60, 2),
(1, 61, 1),
(1, 62, 1),
(1, 63, 1),
(1, 64, 1),
(1, 65, 1),
(1, 66, 1),
(1, 67, 1),
(1, 68, 1),
(1, 69, 1),
(1, 70, 1),
(1, 71, 1),
(1, 72, 1),
(1, 73, 1),
(1, 74, 1),
(1, 75, 1),
(1, 76, 1),
(1, 77, 1),
(1, 78, 1),
(1, 79, 1),
(1, 80, 1),
(1, 81, 1),
(1, 82, 1),
(1, 83, 1),
(1, 84, 1),
(1, 85, 2),
(1, 86, 1),
(1, 87, 1),
(1, 88, 1),
(1, 89, 1),
(1, 90, 1),
(1, 91, 1),
(1, 92, 1),
(1, 93, 1),
(1, 94, 1),
(1, 95, 2),
(1, 96, 1),
(1, 97, 1),
(1, 98, 1),
(1, 99, 1),
(1, 100, 1),
(1, 101, 1),
(2, 102, 2),
(2, 27, 2),
(2, 103, 1),
(2, 104, 1),
(2, 105, 1),
(2, 106, 9),
(2, 32, 1),
(2, 107, 1),
(2, 108, 1),
(2, 96, 1),
(2, 109, 2),
(2, 110, 3),
(2, 111, 1),
(2, 112, 1),
(2, 113, 1),
(2, 98, 13),
(2, 114, 1),
(2, 115, 1),
(2, 116, 2),
(2, 117, 1),
(2, 118, 1),
(2, 119, 1),
(2, 120, 2),
(2, 121, 1),
(2, 122, 1),
(2, 123, 1),
(2, 124, 1),
(2, 125, 1),
(2, 126, 1),
(2, 127, 1),
(2, 128, 1),
(2, 129, 1),
(2, 130, 1),
(2, 131, 1),
(2, 74, 1),
(2, 132, 1),
(2, 133, 1),
(2, 134, 1),
(2, 135, 1),
(2, 136, 1),
(2, 137, 1),
(2, 138, 1),
(2, 139, 1),
(2, 140, 1),
(2, 141, 1),
(2, 142, 5),
(2, 143, 4),
(2, 144, 1),
(2, 145, 4),
(2, 146, 2),
(2, 147, 2),
(2, 148, 2),
(2, 149, 1),
(2, 150, 3),
(2, 17, 1),
(2, 151, 4),
(2, 152, 1),
(2, 153, 1),
(2, 154, 1),
(2, 155, 1),
(2, 156, 1),
(2, 157, 2),
(2, 158, 4),
(2, 159, 2),
(2, 160, 1),
(2, 161, 4),
(2, 162, 1),
(2, 163, 1),
(2, 164, 1),
(2, 165, 2),
(2, 166, 1),
(2, 167, 1),
(2, 168, 1),
(2, 169, 1),
(2, 170, 3),
(2, 171, 3),
(2, 172, 1),
(2, 173, 1),
(2, 174, 1),
(2, 175, 1),
(2, 4, 2),
(2, 176, 2),
(2, 177, 1),
(2, 178, 1),
(2, 179, 1),
(2, 180, 2),
(2, 181, 1),
(2, 182, 1),
(2, 183, 1),
(2, 184, 1),
(2, 185, 1),
(2, 186, 1),
(2, 187, 1),
(2, 188, 1),
(2, 189, 1),
(2, 190, 1),
(2, 191, 1),
(2, 192, 1),
(2, 193, 1),
(2, 194, 1),
(2, 195, 1),
(2, 196, 1),
(2, 197, 1),
(2, 198, 1),
(2, 199, 2),
(2, 200, 1),
(2, 22, 1),
(2, 201, 1),
(2, 202, 1),
(2, 203, 4),
(2, 204, 4),
(2, 205, 1),
(2, 206, 1),
(2, 207, 1),
(2, 208, 1),
(2, 209, 1),
(2, 210, 1),
(2, 211, 1),
(2, 212, 1),
(2, 213, 1),
(2, 214, 1),
(2, 215, 1),
(2, 75, 1),
(2, 216, 1),
(2, 217, 1),
(3, 218, 2),
(3, 219, 2),
(3, 220, 3),
(3, 221, 4),
(3, 222, 2),
(3, 223, 1),
(3, 224, 3),
(3, 225, 1),
(3, 226, 1),
(3, 227, 1),
(3, 228, 2),
(3, 229, 2),
(3, 230, 4),
(3, 231, 3),
(3, 46, 1),
(3, 232, 2),
(3, 233, 1),
(3, 234, 1),
(3, 235, 1),
(3, 236, 1),
(3, 150, 1),
(3, 237, 2),
(3, 59, 2),
(3, 238, 3),
(3, 239, 2),
(3, 240, 4),
(3, 241, 1),
(3, 242, 1),
(3, 243, 2),
(3, 244, 1),
(3, 245, 1),
(3, 246, 1),
(3, 247, 2),
(3, 248, 1),
(3, 249, 1),
(3, 174, 1),
(3, 163, 1),
(3, 250, 2),
(3, 251, 1),
(3, 252, 1),
(3, 253, 1),
(3, 254, 1),
(3, 255, 2),
(3, 256, 1),
(3, 257, 1),
(3, 258, 1),
(3, 259, 1),
(3, 260, 1),
(3, 210, 1),
(3, 261, 1),
(3, 262, 1),
(3, 263, 1),
(3, 264, 1),
(3, 265, 1),
(3, 266, 1),
(3, 267, 1),
(3, 268, 1),
(3, 269, 1),
(3, 270, 1),
(3, 271, 1),
(3, 272, 1),
(3, 273, 1),
(3, 274, 1),
(3, 23, 2),
(3, 275, 1),
(3, 276, 1),
(3, 277, 1),
(3, 278, 1),
(3, 279, 1),
(3, 280, 1),
(3, 281, 1),
(3, 282, 1),
(3, 283, 1),
(3, 284, 1),
(3, 285, 1),
(3, 286, 1),
(3, 287, 1),
(3, 288, 3),
(3, 289, 1),
(3, 107, 1),
(3, 290, 1),
(3, 291, 1),
(3, 292, 1),
(3, 293, 1),
(3, 294, 1),
(3, 295, 1),
(3, 296, 1),
(3, 297, 1),
(3, 298, 1),
(3, 299, 1),
(3, 300, 2),
(3, 111, 2),
(3, 301, 1),
(3, 302, 2),
(3, 303, 1),
(3, 304, 1),
(3, 305, 1),
(3, 306, 1),
(3, 307, 1),
(3, 308, 2),
(3, 309, 2),
(3, 310, 1),
(3, 311, 1),
(3, 312, 1),
(3, 313, 1),
(3, 314, 1),
(3, 315, 1),
(3, 316, 1),
(3, 317, 2),
(3, 318, 1),
(3, 319, 1),
(3, 320, 1),
(3, 321, 1),
(3, 322, 1),
(3, 323, 1),
(3, 98, 1),
(3, 324, 1),
(3, 325, 1),
(3, 326, 1),
(3, 327, 1),
(3, 328, 1),
(3, 329, 1),
(3, 330, 1),
(3, 331, 2),
(3, 332, 1),
(3, 333, 1),
(3, 334, 1),
(3, 335, 1),
(3, 48, 1),
(3, 336, 1),
(3, 337, 1),
(3, 338, 1),
(3, 339, 1),
(3, 340, 1),
(3, 341, 1),
(3, 342, 1),
(3, 343, 1),
(3, 344, 1),
(3, 101, 1),
(3, 345, 1),
(3, 346, 1),
(3, 347, 1),
(3, 13, 1),
(4, 348, 7),
(4, 13, 9),
(4, 349, 1),
(4, 350, 1),
(4, 273, 2),
(4, 351, 1),
(4, 352, 1),
(4, 353, 2),
(4, 41, 1),
(4, 182, 1),
(4, 354, 1),
(4, 355, 1),
(4, 356, 1),
(4, 357, 1),
(4, 358, 1),
(4, 359, 1),
(4, 360, 1),
(4, 361, 1),
(4, 362, 1),
(4, 363, 1),
(4, 364, 1),
(4, 71, 3),
(4, 365, 1),
(4, 173, 1),
(4, 366, 1),
(4, 367, 1),
(4, 368, 1),
(4, 369, 1),
(4, 370, 1),
(4, 97, 1),
(4, 371, 1),
(4, 372, 1),
(4, 373, 1),
(4, 374, 1),
(4, 375, 1),
(5, 376, 3),
(5, 377, 5),
(5, 378, 1),
(5, 379, 1),
(5, 380, 1),
(5, 381, 1),
(5, 382, 1),
(5, 247, 1),
(5, 383, 2),
(5, 384, 1),
(5, 385, 2),
(5, 386, 1),
(5, 387, 1),
(5, 388, 1),
(5, 389, 1),
(5, 390, 1),
(5, 391, 1),
(5, 48, 1),
(5, 392, 1),
(5, 393, 1),
(5, 394, 1),
(5, 395, 1),
(5, 396, 1),
(5, 381, 1),
(5, 397, 1),
(5, 398, 1),
(5, 399, 1),
(5, 400, 1),
(5, 401, 1),
(5, 402, 1),
(5, 403, 2),
(5, 404, 2),
(5, 405, 1),
(5, 406, 1),
(5, 407, 1),
(5, 408, 1),
(5, 409, 2),
(5, 410, 2),
(5, 411, 2),
(5, 412, 2),
(5, 413, 2),
(5, 414, 2),
(5, 415, 2),
(5, 416, 2),
(5, 417, 2),
(5, 418, 2),
(5, 419, 1),
(6, 420, 1),
(6, 421, 15),
(6, 422, 3),
(6, 173, 2),
(6, 423, 1),
(6, 424, 1),
(6, 382, 1),
(6, 425, 1),
(6, 47, 6),
(6, 426, 1),
(6, 427, 1),
(6, 428, 5),
(6, 206, 2),
(6, 278, 1),
(6, 17, 1),
(6, 429, 1),
(6, 430, 1),
(6, 431, 1),
(6, 432, 1),
(6, 433, 1),
(6, 434, 1),
(6, 435, 1),
(6, 436, 2),
(6, 437, 1),
(6, 438, 2),
(6, 29, 1),
(6, 439, 1),
(6, 440, 1),
(6, 193, 1),
(6, 37, 3),
(6, 441, 2),
(6, 442, 1),
(6, 443, 1),
(6, 444, 1),
(6, 445, 1),
(6, 446, 1),
(6, 447, 1),
(6, 448, 1),
(6, 449, 1),
(6, 450, 1),
(6, 451, 2),
(6, 323, 1),
(6, 452, 1),
(6, 453, 2),
(6, 42, 2),
(6, 454, 2),
(6, 455, 1),
(6, 456, 1),
(6, 457, 1),
(6, 458, 1),
(6, 459, 1),
(6, 460, 1),
(6, 461, 1),
(6, 210, 1),
(6, 462, 1),
(6, 463, 1),
(6, 464, 1),
(6, 465, 1),
(6, 466, 1),
(6, 467, 1),
(6, 468, 1),
(6, 469, 1),
(6, 470, 1),
(6, 471, 1),
(6, 472, 2),
(6, 473, 1),
(6, 474, 1),
(6, 475, 3),
(6, 476, 1),
(6, 477, 1),
(6, 478, 1),
(6, 32, 1),
(6, 143, 2),
(6, 479, 1),
(6, 4, 2),
(6, 480, 1),
(6, 481, 1),
(6, 482, 1),
(6, 236, 1),
(6, 483, 1),
(6, 484, 1),
(6, 110, 3),
(6, 485, 1),
(6, 486, 1),
(6, 487, 1),
(6, 163, 1),
(6, 488, 1),
(6, 489, 1),
(6, 490, 1),
(6, 491, 1),
(6, 492, 1),
(6, 493, 1),
(6, 494, 1),
(6, 28, 1),
(6, 495, 1),
(6, 496, 1),
(6, 497, 1),
(6, 498, 1),
(6, 135, 1),
(6, 499, 1),
(6, 500, 1),
(6, 320, 1),
(6, 501, 1),
(6, 502, 1),
(6, 503, 1),
(6, 504, 1),
(7, 505, 1),
(7, 506, 1),
(7, 507, 1),
(7, 508, 1),
(7, 509, 1),
(7, 510, 1),
(7, 511, 1),
(7, 512, 2),
(7, 75, 2),
(7, 513, 3),
(7, 514, 3),
(7, 515, 1),
(7, 18, 1),
(7, 516, 1),
(7, 517, 2),
(7, 518, 3),
(7, 222, 4),
(7, 519, 4),
(7, 520, 3),
(7, 521, 2),
(7, 522, 2),
(7, 523, 3),
(7, 524, 3),
(7, 525, 3),
(7, 526, 3),
(7, 527, 2),
(7, 528, 3),
(7, 65, 3),
(7, 529, 2),
(7, 530, 1),
(7, 531, 4),
(7, 532, 2),
(7, 533, 1),
(7, 205, 2),
(7, 534, 7),
(7, 535, 1),
(7, 536, 1),
(7, 537, 1),
(7, 538, 1),
(7, 352, 2),
(7, 188, 1),
(7, 143, 2),
(7, 539, 1),
(7, 540, 1),
(7, 210, 1),
(7, 14, 1),
(7, 541, 1),
(7, 542, 1),
(7, 436, 1),
(7, 245, 1),
(7, 543, 1),
(7, 213, 1),
(7, 544, 1),
(7, 545, 4),
(7, 57, 4),
(7, 546, 2),
(7, 547, 2),
(7, 548, 1),
(7, 549, 4),
(7, 10, 3),
(7, 550, 4),
(7, 551, 2),
(7, 119, 1),
(7, 552, 2),
(7, 493, 3),
(7, 553, 1),
(7, 554, 1),
(7, 555, 2),
(7, 97, 1),
(7, 556, 1),
(7, 557, 1),
(7, 558, 1),
(7, 559, 1),
(7, 32, 1),
(7, 560, 1),
(7, 561, 1),
(7, 562, 1),
(7, 563, 1),
(7, 564, 1),
(7, 565, 1),
(7, 566, 1),
(7, 567, 1),
(7, 568, 1),
(7, 101, 2),
(7, 569, 2),
(7, 194, 1),
(7, 570, 3),
(7, 571, 1),
(7, 572, 1),
(7, 573, 1),
(7, 298, 1),
(7, 187, 1),
(7, 123, 1),
(7, 574, 1),
(7, 56, 1),
(7, 575, 1),
(7, 576, 1),
(7, 577, 1),
(7, 578, 1),
(7, 579, 1),
(7, 580, 1),
(7, 581, 1),
(7, 582, 1),
(7, 583, 1),
(7, 584, 1),
(7, 585, 1),
(7, 586, 1),
(7, 587, 1),
(7, 588, 1),
(7, 589, 1),
(7, 590, 1),
(7, 591, 1),
(7, 592, 1);

-- --------------------------------------------------------

--
-- Structure de la table `mot`
--

CREATE TABLE `mot` (
  `id` int NOT NULL,
  `mot` varchar(250) NOT NULL
) ENGINE=InnoDB DEFAULT CHARSET=utf8mb3;

--
-- Déchargement des données de la table `mot`
--

INSERT INTO `mot` (`id`, `mot`) VALUES
(1, 'développeur'),
(2, 'informatique'),
(3, 'programmeur'),
(4, 'doit'),
(5, 'concevoir'),
(6, 'améliorer'),
(7, 'programmer'),
(8, 'multiple'),
(9, 'compétences'),
(10, 'attendu'),
(11, 'écoute'),
(12, 'demandeur'),
(13, 'projet'),
(14, 'réaliser'),
(15, 'cahier'),
(16, 'charger'),
(17, 'agir'),
(18, 'document'),
(19, 'détaille'),
(20, 'solution'),
(21, 'technique'),
(22, 'mettre'),
(23, 'uvre'),
(24, 'langage'),
(25, 'python'),
(26, 'net'),
(27, 'java'),
(28, 'étape'),
(29, 'avoir'),
(30, 'sens'),
(31, 'relationnel'),
(32, 'pouvoir'),
(33, 'échanger'),
(34, 'client'),
(35, 'comprendre'),
(36, 'besoin'),
(37, 'utilisateur'),
(38, 'seconder'),
(39, 'phase'),
(40, 'étudie'),
(41, 'étapes'),
(42, 'fonctionnement'),
(43, 'déterminer'),
(44, 'crée'),
(45, 'prototype'),
(46, 'futur'),
(47, 'application'),
(48, 'faire'),
(49, 'preuve'),
(50, 'qualités'),
(51, 'concentration'),
(52, 'rigueur'),
(53, 'adapter'),
(54, 'troisième'),
(55, 'écrit'),
(56, 'coder'),
(57, 'bonne'),
(58, 'culture'),
(59, 'générale'),
(60, 'maîtriser'),
(61, 'basique'),
(62, 'html'),
(63, 'css'),
(64, 'javascript'),
(65, 'php'),
(66, 'fonction'),
(67, 'poster'),
(68, 'demander'),
(69, 'employeur'),
(70, 'également'),
(71, 'outil'),
(72, 'cms'),
(73, 'framework'),
(74, 'baser'),
(75, 'données'),
(76, 'associées'),
(77, 'mysql'),
(78, 'sql'),
(79, 'server'),
(80, 'oracle'),
(81, 'mongodb'),
(82, 'finale'),
(83, 'effectuer'),
(84, 'test'),
(85, 'produit'),
(86, 'beta'),
(87, 'testing'),
(88, 'appliquer'),
(89, 'correctifs'),
(90, 'cas'),
(91, 'bug'),
(92, 'accompagner'),
(93, 'lecteur'),
(94, 'apporter'),
(95, 'soutien'),
(96, 'former'),
(97, 'suivre'),
(98, 'méthode'),
(99, 'surtout'),
(100, 'organisation'),
(101, 'travail'),
(102, 'polymorphisme'),
(103, 'vouloir'),
(104, 'simplement'),
(105, 'dire'),
(106, 'classer'),
(107, 'prendre'),
(108, 'plusieurs'),
(109, 'autant'),
(110, 'plus'),
(111, 'vrai'),
(112, 'hérite'),
(113, 'supérieure'),
(114, 'surchargée'),
(115, 'overload'),
(116, 'angler'),
(117, 'diffère'),
(118, 'original'),
(119, 'nombre'),
(120, 'type'),
(121, 'paramètres'),
(122, 'entrée'),
(123, 'nom'),
(124, 'signature'),
(125, 'différente'),
(126, 'polymorphe'),
(127, 'redéfinie'),
(128, 'réécrite'),
(129, 'override'),
(130, 'squelette'),
(131, 'identique'),
(132, 'traiter'),
(133, 'choses'),
(134, 'différemment'),
(135, 'trouver'),
(136, 'fille'),
(137, 'abstrait'),
(138, 'lorsque'),
(139, 'instancier'),
(140, 'new'),
(141, 'attribut'),
(142, 'méthodes'),
(143, 'être'),
(144, 'utilisés'),
(145, 'instance'),
(146, 'héritent'),
(147, 'interface'),
(148, 'ensemble'),
(149, 'public'),
(150, 'objet'),
(151, 'accessible'),
(152, 'extérieur'),
(153, 'lesquelles'),
(154, 'modifier'),
(155, 'généralement'),
(156, 'communiquer'),
(157, 'luire'),
(158, 'variable'),
(159, 'importer'),
(160, 'protected'),
(161, 'package'),
(162, 'héritage'),
(163, 'ï¿½tre'),
(164, 'default'),
(165, 'uniquement'),
(166, 'private'),
(167, 'personne'),
(168, 'résumé'),
(169, 'définie'),
(170, 'mot'),
(171, 'clé'),
(172, 'abstract'),
(173, 'utiliser'),
(174, 'lorsqu'),
(175, 'mère'),
(176, 'instanciée'),
(177, 'obligée'),
(178, 'contenir'),
(179, 'déclarée'),
(180, 'corps'),
(181, 'servir'),
(182, 'définir'),
(183, 'supertype'),
(184, 'implémente'),
(185, 'implements'),
(186, 'implémenter'),
(187, 'vos'),
(188, 'devoir'),
(189, 'redéfinir'),
(190, 'toutes'),
(191, 'pattern'),
(192, 'strategy'),
(193, 'permettre'),
(194, 'rendre'),
(195, 'hiérarchie'),
(196, 'souple'),
(197, 'préférez'),
(198, 'encapsuler'),
(199, 'comportement'),
(200, 'plutôt'),
(201, 'office'),
(202, 'concerné'),
(203, 'enum'),
(204, 'énumération'),
(205, 'liste'),
(206, 'construire'),
(207, 'grâce'),
(208, 'lang'),
(209, 'élément'),
(210, 'partir'),
(211, 'entière'),
(212, 'compléter'),
(213, 'ajouter'),
(214, 'envelopper'),
(215, 'encapsulent'),
(216, 'primitif'),
(217, 'ordinaire'),
(218, 'moment'),
(219, 'charnière'),
(220, 'cathédrale'),
(221, 'damer'),
(222, 'pari'),
(223, 'jouer'),
(224, 'jour'),
(225, 'petit'),
(226, 'commune'),
(227, 'briey'),
(228, 'lorrain'),
(229, 'assemblage'),
(230, 'socle'),
(231, 'tabouret'),
(232, 'flèche'),
(233, 'bois'),
(234, 'chêne'),
(235, 'exception'),
(236, 'effet'),
(237, 'répétition'),
(238, 'montage'),
(239, 'près'),
(240, 'quatre'),
(241, 'an'),
(242, 'incendier'),
(243, 'blanc'),
(244, 'viser'),
(245, 'assurer'),
(246, 'différents'),
(247, 'éléments'),
(248, 'emboîteront'),
(249, 'falloir'),
(250, 'assemblés'),
(251, 'toit'),
(252, 'chiffrer'),
(253, 'vertigineux'),
(254, 'mesurer'),
(255, 'mètres'),
(256, 'modèle'),
(257, 'xixe'),
(258, 'siècle'),
(259, 'constituée'),
(260, 'cinq'),
(261, 'dont'),
(262, 'assemblé'),
(263, 'appui'),
(264, 'fabriqué'),
(265, 'chênes'),
(266, 'tailler'),
(267, 'exceptionnel'),
(268, 'récoltés'),
(269, 'forêt'),
(270, 'domanial'),
(271, 'bercé'),
(272, 'sarthe'),
(273, 'objectif'),
(274, 'man'),
(275, 'soulever'),
(276, 'pied'),
(277, 'lentement'),
(278, 'aider'),
(279, 'grue'),
(280, 'insèrent'),
(281, 'millimètre'),
(282, 'tablier'),
(283, 'central'),
(284, 'ensuite'),
(285, 'démontés'),
(286, 'acheminés'),
(287, 'prochain'),
(288, 'chantier'),
(289, 'grutés'),
(290, 'placer'),
(291, 'définitive'),
(292, 'trente'),
(293, 'hauteur'),
(294, 'angle'),
(295, 'croisée'),
(296, 'transept'),
(297, 'précisé'),
(298, 'porter'),
(299, 'parole'),
(300, 'poser'),
(301, 'prévue'),
(302, 'avril'),
(303, 'commenter'),
(304, 'rémi'),
(305, 'fromont'),
(306, 'trois'),
(307, 'architecte'),
(308, 'chef'),
(309, 'reconstruction'),
(310, 'monument'),
(311, 'passer'),
(312, 'théorie'),
(313, 'pratiquer'),
(314, 'levage'),
(315, 'expliqué'),
(316, 'mois'),
(317, 'tracé'),
(318, 'validé'),
(319, 'plan'),
(320, 'puis'),
(321, 'épures'),
(322, 'sol'),
(323, 'selon'),
(324, 'ancestral'),
(325, 'piquage'),
(326, 'lignage'),
(327, 'expliquer'),
(328, 'patrick'),
(329, 'jouenne'),
(330, 'responsable'),
(331, 'charpentier'),
(332, 'vie'),
(333, 'poursuivre'),
(334, 'refaire'),
(335, 'charpenter'),
(336, 'perdurer'),
(337, 'tradition'),
(338, 'traçage'),
(339, 'époque'),
(340, 'souligner'),
(341, 'mathias'),
(342, 'gauthier'),
(343, 'morfoise'),
(344, 'conducteur'),
(345, 'cruard'),
(346, 'entreprise'),
(347, 'chargées'),
(348, 'gestion'),
(349, 'essentiel'),
(350, 'atteindre'),
(351, 'livrer'),
(352, 'résultats'),
(353, 'efficacement'),
(354, 'Élaborer'),
(355, 'planning'),
(356, 'précis'),
(357, 'allouer'),
(358, 'ressource'),
(359, 'adéquates'),
(360, 'coordonner'),
(361, 'équipes'),
(362, 'surveiller'),
(363, 'évaluer'),
(364, 'progression'),
(365, 'optimiser'),
(366, 'gantt'),
(367, 'charts'),
(368, 'tableau'),
(369, 'kanban'),
(370, 'logiciel'),
(371, 'tâches'),
(372, 'communication'),
(373, 'équipe'),
(374, 'droit'),
(375, 'réservés'),
(376, 'tech'),
(377, 'house'),
(378, 'genre'),
(379, 'musical'),
(380, 'dynamique'),
(381, 'rythmé'),
(382, 'combiner'),
(383, 'techno'),
(384, 'grooves'),
(385, 'musique'),
(386, 'évoque'),
(387, 'énergie'),
(388, 'club'),
(389, 'pister'),
(390, 'danser'),
(391, 'idéale'),
(392, 'vibrer'),
(393, 'fouler'),
(394, 'matin'),
(395, 'fusion'),
(396, 'captivant'),
(397, 'basse'),
(398, 'créant'),
(399, 'addictif'),
(400, 'séduit'),
(401, 'amateur'),
(402, 'électronique'),
(403, 'John'),
(404, 'Doe'),
(405, 'Mary'),
(406, 'Smith'),
(407, 'David'),
(408, 'Johnson'),
(409, 'Anna'),
(410, 'Davis'),
(411, 'Lights'),
(412, 'Beat'),
(413, 'Deep'),
(414, 'Groove'),
(415, 'TechVibes'),
(416, 'Records'),
(417, 'BeatBox'),
(418, 'Productions'),
(419, 'GrooveMaster'),
(420, 'progressif'),
(421, 'web'),
(422, 'apps'),
(423, 'dernières'),
(424, 'technologie'),
(425, 'meilleur'),
(426, 'mobile'),
(427, 'penser'),
(428, 'site'),
(429, 'sentir'),
(430, 'avancées'),
(431, 'récentes'),
(432, 'navigateur'),
(433, 'disponibilité'),
(434, 'employés'),
(435, 'service'),
(436, 'api'),
(437, 'cacher'),
(438, 'push'),
(439, 'permis'),
(440, 'développeurs'),
(441, 'installer'),
(442, 'écran'),
(443, 'accueil'),
(444, 'recevoir'),
(445, 'notifications'),
(446, 'travailler'),
(447, 'mode'),
(448, 'connexion'),
(449, 'ailleurs'),
(450, 'miser'),
(451, 'google'),
(452, 'schéma'),
(453, 'présentant'),
(454, 'pwa'),
(455, 'représentation'),
(456, 'visuel'),
(457, 'source'),
(458, 'global'),
(459, 'media'),
(460, 'insight'),
(461, 'tirer'),
(462, 'écosystème'),
(463, 'plugins'),
(464, 'communauté'),
(465, 'manière'),
(466, 'important'),
(467, 'facilité'),
(468, 'relative'),
(469, 'déploiement'),
(470, 'maintenance'),
(471, 'rapport'),
(472, 'native'),
(473, 'magasin'),
(474, 'respectif'),
(475, 'entrer'),
(476, 'développent'),
(477, 'fois'),
(478, 'apprécierez'),
(479, 'temps'),
(480, 'maintenue'),
(481, 'compatibilité'),
(482, 'ascendant'),
(483, 'exécuteront'),
(484, 'version'),
(485, 'fragmentation'),
(486, 'différentes'),
(487, 'internet'),
(488, 'simple'),
(489, 'gérer'),
(490, 'déployer'),
(491, 'étude'),
(492, 'montré'),
(493, 'moyenner'),
(494, 'perdre'),
(495, 'premier'),
(496, 'contact'),
(497, 'commencer'),
(498, 'abord'),
(499, 'appli'),
(500, 'télécharger'),
(501, 'ouvrir'),
(502, 'savoir'),
(503, 'article'),
(504, 'face'),
(505, 'microsoft'),
(506, 'word'),
(507, 'controle'),
(508, 'info'),
(509, 'sujet'),
(510, 'docx'),
(511, 'issances'),
(512, 'intégration'),
(513, 'big'),
(514, 'data'),
(515, 'durée'),
(516, 'autorisés'),
(517, 'mourad'),
(518, 'ouziri'),
(519, 'qcm'),
(520, 'pts'),
(521, 'répondre'),
(522, 'ligne'),
(523, 'https'),
(524, 'moodle'),
(525, 'univ'),
(526, 'mod'),
(527, 'quiz'),
(528, 'view'),
(529, 'exercice'),
(530, 'programmation'),
(531, 'spark'),
(532, 'core'),
(533, 'considérons'),
(534, 'note'),
(535, 'suivant'),
(536, 'var'),
(537, 'list'),
(538, 'exprimées'),
(539, 'calculés'),
(540, 'affichés'),
(541, 'calcul'),
(542, 'affichage'),
(543, 'partitionnement'),
(544, 'appréciation'),
(545, 'noter'),
(546, 'insuffisant'),
(547, 'satisfaisant'),
(548, 'sinon'),
(549, 'résultat'),
(550, 'rdd'),
(551, 'calculer'),
(552, 'inférieures'),
(553, 'supérieures'),
(554, 'égales'),
(555, 'seul'),
(556, 'inf'),
(557, 'sup'),
(558, 'quelques'),
(559, 'opérations'),
(560, 'utile'),
(561, 'map'),
(562, 'filter'),
(563, 'reduce'),
(564, 'reducebykey'),
(565, 'sum'),
(566, 'mean'),
(567, 'count'),
(568, 'rendu'),
(569, 'réalisé'),
(570, 'fichier'),
(571, 'scala'),
(572, 'format'),
(573, 'texte'),
(574, 'inclure'),
(575, 'question'),
(576, 'indiquée'),
(577, 'commentaire'),
(578, 'tracer'),
(579, 'exécution'),
(580, 'shell'),
(581, 'retourné'),
(582, 'message'),
(583, 'erreur'),
(584, 'indiquer'),
(585, 'binômes'),
(586, 'merci'),
(587, 'déposer'),
(588, 'immédiatement'),
(589, 'fin'),
(590, 'épreuve'),
(591, 'assign'),
(592, 'réussite');

--
-- Index pour les tables déchargées
--

--
-- Index pour la table `document`
--
ALTER TABLE `document`
  ADD PRIMARY KEY (`id`);

--
-- Index pour la table `document_mot`
--
ALTER TABLE `document_mot`
  ADD KEY `idMot` (`idMot`),
  ADD KEY `idDocument` (`idDocument`);

--
-- Index pour la table `mot`
--
ALTER TABLE `mot`
  ADD PRIMARY KEY (`id`);

--
-- AUTO_INCREMENT pour les tables déchargées
--

--
-- AUTO_INCREMENT pour la table `document`
--
ALTER TABLE `document`
  MODIFY `id` int NOT NULL AUTO_INCREMENT, AUTO_INCREMENT=8;

--
-- AUTO_INCREMENT pour la table `mot`
--
ALTER TABLE `mot`
  MODIFY `id` int NOT NULL AUTO_INCREMENT, AUTO_INCREMENT=593;

--
-- Contraintes pour les tables déchargées
--

--
-- Contraintes pour la table `document_mot`
--
ALTER TABLE `document_mot`
  ADD CONSTRAINT `document_mot_ibfk_1` FOREIGN KEY (`idDocument`) REFERENCES `document` (`id`) ON DELETE CASCADE ON UPDATE CASCADE,
  ADD CONSTRAINT `document_mot_ibfk_2` FOREIGN KEY (`idMot`) REFERENCES `mot` (`id`) ON DELETE CASCADE ON UPDATE CASCADE;
COMMIT;

/*!40101 SET CHARACTER_SET_CLIENT=@OLD_CHARACTER_SET_CLIENT */;
/*!40101 SET CHARACTER_SET_RESULTS=@OLD_CHARACTER_SET_RESULTS */;
/*!40101 SET COLLATION_CONNECTION=@OLD_COLLATION_CONNECTION */;
